Time,Open,High,Low,Close,Volume_(BTC),Volume_(Currency),Weighted_Price
00:00:00,452.95,452.95,452.44,452.44,3.84954632,1741.8706464,452.48725477
00:01:00,452.87,453.0,452.87,453.0,11.97795558,5424.7419757,452.8938131
00:02:00,452.47,452.77,452.46,452.77,2.1193678,959.19993073,452.5877626
00:03:00,,,,,,,
00:04:00,,,,,,,
00:05:00,452.84,452.84,452.84,452.84,0.33491268,151.66185801,452.84
00:06:00,,,,,,,
00:07:00,,,,,,,
00:08:00,452.86,452.86,452.86,452.86,0.24887048,112.70348557,452.86
00:09:00,452.84,452.84,452.47,452.47,1.4534609,658.17716958,452.8344516
00:10:00,452.87,452.87,452.87,452.87,0.04758271,21.548781878,452.87
00:11:00,,,,,,,
00:12:00,,,,,,,
00:13:00,,,,,,,
00:14:00,,,,,,,
00:15:00,452.51,452.51,452.51,452.51,0.21905838,99.126107534,452.51
00:16:00,,,,,,,
00:17:00,452.51,452.51,452.51,452.51,0.255,115.39005,452.51
00:18:00,,,,,,,
00:19:00,452.51,452.51,452.51,452.51,0.02657189,12.024045944,452.51
00:20:00,452.86,452.9,452.86,452.9,4.48432098,2030.9213387,452.89383783
00:21:00,452.51,452.51,452.51,452.51,0.08414619,38.076992437,452.51
00:22:00,453.0,453.0,453.0,453.0,0.23696219,107.34387207,453.0
00:23:00,452.51,453.0,452.51,452.51,0.13341804,60.384608193,452.59702656
00:24:00,453.0,453.0,453.0,453.0,0.03554361,16.10125533,453.0
00:25:00,,,,,,,
00:26:00,,,,,,,
00:27:00,,,,,,,
00:28:00,,,,,,,
00:29:00,453.0,453.0,453.0,453.0,0.02120585,9.60625005,453.0
00:30:00,,,,,,,
00:31:00,453.0,453.0,452.51,452.51,1.09051736,493.9776568,452.97550953
00:32:00,453.0,453.0,453.0,453.0,0.02947343,13.35146379,453.0
00:33:00,,,,,,,
00:34:00,452.51,452.51,452.51,452.51,0.17274109,78.167070636,452.51
00:35:00,452.52,452.52,452.52,452.52,0.39347975,178.05745647,452.52
00:36:00,,,,,,,
00:37:00,452.52,452.52,452.5,452.5,3.6,1629.0122,452.50338889
00:38:00,,,,,,,
00:39:00,453.0,453.0,453.0,453.0,0.60465715,273.90968895,453.0
00:40:00,453.0,453.0,453.0,453.0,4.70768074,2132.5793752,453.0
00:41:00,453.0,453.0,452.52,452.52,3.25957285,1476.480661,452.96752949
00:42:00,,,,,,,
00:43:00,452.52,452.52,452.32,452.32,0.640175,289.667756,452.48214316
00:44:00,,,,,,,
00:45:00,,,,,,,
00:46:00,,,,,,,
00:47:00,452.99,452.99,452.99,452.99,0.6417,290.683683,452.99
00:48:00,,,,,,,
00:49:00,,,,,,,
00:50:00,,,,,,,
00:51:00,452.29,452.29,452.29,452.29,5.7511612,2601.1926991,452.29
00:52:00,,,,,,,
00:53:00,452.98,452.98,452.98,452.98,0.02088392,9.4599980816,452.98
00:54:00,452.28,452.28,452.28,452.28,0.04449194,20.122814623,452.28
00:55:00,452.28,452.97,452.28,452.97,7.5580379,3423.3429376,452.94069478
00:56:00,453.0,453.0,453.0,453.0,0.35413975,160.42530675,453.0
00:57:00,,,,,,,
00:58:00,,,,,,,
00:59:00,,,,,,,
01:00:00,,,,,,,
01:01:00,,,,,,,
01:02:00,452.32,452.32,452.32,452.32,0.2,90.464,452.32
01:03:00,,,,,,,
01:04:00,,,,,,,
01:05:00,453.0,453.0,453.0,453.0,0.02332419,10.56585807,453.0
01:06:00,,,,,,,
01:07:00,,,,,,,
01:08:00,452.99,453.0,452.99,453.0,2.26607064,1026.5279999,452.99911741
01:09:00,,,,,,,
01:10:00,,,,,,,
01:11:00,453.0,453.0,453.0,453.0,0.14215682,64.39703946,453.0
01:12:00,,,,,,,
01:13:00,452.99,452.99,452.99,452.99,2.0040619,907.82000008,452.99
01:14:00,453.0,453.0,453.0,453.0,0.50023562,226.60673586,453.0
01:15:00,,,,,,,
01:16:00,,,,,,,
01:17:00,453.0,453.0,453.0,453.0,0.569,257.757,453.0
01:18:00,453.0,453.0,453.0,453.0,0.02119559,9.60160227,453.0
01:19:00,,,,,,,
01:20:00,,,,,,,
01:21:00,,,,,,,
01:22:00,,,,,,,
01:23:00,,,,,,,
01:24:00,,,,,,,
01:25:00,453.0,453.0,453.0,453.0,0.15573996,70.55020188,453.0
01:26:00,,,,,,,
01:27:00,,,,,,,
01:28:00,,,,,,,
01:29:00,,,,,,,
01:30:00,453.0,453.0,453.0,453.0,0.03889721,17.62043613,453.0
01:31:00,453.0,453.0,453.0,453.0,1.55739956,705.50200068,453.0
01:32:00,453.0,453.0,452.47,452.47,2.47649129,1120.678252,452.5266277
01:33:00,452.45,452.45,452.45,452.45,0.08810871,39.86478584,452.45
01:34:00,,,,,,,
01:35:00,,,,,,,
01:36:00,,,,,,,
01:37:00,,,,,,,
01:38:00,452.56,452.8,452.56,452.8,9.885,4475.088,452.71502276
01:39:00,452.53,452.53,452.53,452.53,3.0,1357.59,452.53
01:40:00,,,,,,,
01:41:00,,,,,,,
01:42:00,,,,,,,
01:43:00,452.8,452.8,452.8,452.8,0.0368,16.66304,452.8
01:44:00,452.8,452.8,452.8,452.8,0.04544008,20.575268224,452.8
01:45:00,452.8,452.8,452.8,452.8,0.04847978,21.951644384,452.8
01:46:00,452.8,452.8,452.8,452.8,0.05793132,26.231301696,452.8
01:47:00,,,,,,,
01:48:00,,,,,,,
01:49:00,,,,,,,
01:50:00,,,,,,,
01:51:00,452.52,452.52,452.52,452.52,0.69541678,314.69000129,452.52
01:52:00,,,,,,,
01:53:00,,,,,,,
01:54:00,,,,,,,
01:55:00,452.8,452.8,452.8,452.8,0.26233503,118.78530158,452.8
01:56:00,,,,,,,
01:57:00,,,,,,,
01:58:00,,,,,,,
01:59:00,,,,,,,
02:00:00,,,,,,,
02:01:00,,,,,,,
02:02:00,,,,,,,
02:03:00,,,,,,,
02:04:00,452.53,452.53,452.53,452.53,0.54087022,244.76000066,452.53
02:05:00,,,,,,,
02:06:00,,,,,,,
02:07:00,,,,,,,
02:08:00,452.8,452.8,452.42,452.42,0.2106244,95.297443443,452.45205894
02:09:00,,,,,,,
02:10:00,452.8,452.8,452.8,452.8,0.56870192,257.50822938,452.8
02:11:00,,,,,,,
02:12:00,,,,,,,
02:13:00,452.8,452.8,452.8,452.8,0.03815532,17.276728896,452.8
02:14:00,452.44,452.44,452.44,452.44,6.12,2768.9328,452.44
02:15:00,,,,,,,
02:16:00,452.91,452.91,452.9,452.9,0.83352944,377.51325068,452.90931857
02:17:00,,,,,,,
02:18:00,452.95,452.95,452.4,452.4,0.05093594,23.049932636,452.52787396
02:19:00,,,,,,,
02:20:00,,,,,,,
02:21:00,,,,,,,
02:22:00,452.4,452.78,452.4,452.78,0.82182468,372.09349007,452.76504725
02:23:00,,,,,,,
02:24:00,,,,,,,
02:25:00,452.4,452.64,452.08,452.64,5.64575306,2552.9760224,452.19406432
02:26:00,,,,,,,
02:27:00,,,,,,,
02:28:00,,,,,,,
02:29:00,,,,,,,
02:30:00,,,,,,,
02:31:00,,,,,,,
02:32:00,452.01,452.01,452.01,452.01,0.02264303,10.23487599,452.01
02:33:00,,,,,,,
02:34:00,452.01,452.01,452.0,452.0,10.99104281,4967.9554037,452.00036881
02:35:00,451.96,451.96,451.96,451.96,0.2169,98.030124,451.96
02:36:00,452.0,452.0,452.0,452.0,0.00895719,4.04864988,452.0
02:37:00,452.1,452.1,452.1,452.1,3.0,1356.3,452.1
02:38:00,452.26,452.46,452.26,452.45,6.69623374,3029.0119713,452.34561529
02:39:00,452.42,452.42,452.24,452.24,5.37,2429.1768,452.36067039
02:40:00,452.46,452.46,452.26,452.26,0.32099285,145.23022634,452.44068938
02:41:00,,,,,,,
02:42:00,,,,,,,
02:43:00,,,,,,,
02:44:00,,,,,,,
02:45:00,,,,,,,
02:46:00,452.56,452.56,452.56,452.56,0.1243757,56.287466792,452.56
02:47:00,451.95,452.56,451.95,452.03,0.21838148,98.737983353,452.13533379
02:48:00,452.12,452.12,452.12,452.12,0.44347254,200.50280478,452.12
02:49:00,452.56,452.56,452.56,452.56,0.18956602,85.789998011,452.56
02:50:00,,,,,,,
02:51:00,,,,,,,
02:52:00,,,,,,,
02:53:00,,,,,,,
02:54:00,451.62,451.62,451.62,451.62,1.185,535.1697,451.62
02:55:00,451.62,451.62,451.62,451.62,0.18696426,84.436799101,451.62
02:56:00,,,,,,,
02:57:00,451.6,451.62,451.6,451.62,2.02578558,914.86379738,451.60939362
02:58:00,,,,,,,
02:59:00,451.3,451.3,451.16,451.16,0.27748962,125.19501696,451.17009047
03:00:00,,,,,,,
03:01:00,451.62,451.62,451.62,451.62,1.0438838,471.43880176,451.62
03:02:00,,,,,,,
03:03:00,,,,,,,
03:04:00,451.62,451.62,451.62,451.62,0.04561357,20.600000483,451.62
03:05:00,451.62,451.62,451.62,451.62,2.95903004,1336.3571467,451.62
03:06:00,,,,,,,
03:07:00,,,,,,,
03:08:00,,,,,,,
03:09:00,451.88,451.88,451.88,451.88,3.0,1355.64,451.88
03:10:00,451.88,451.88,451.88,451.88,0.07065931,31.929529003,451.88
03:11:00,451.62,451.62,451.17,451.6,0.73602561,332.3269489,451.51546955
03:12:00,,,,,,,
03:13:00,,,,,,,
03:14:00,451.71,451.75,451.71,451.75,2.0,903.44251095,451.72125547
03:15:00,451.74,451.79,451.18,451.61,15.25770076,6885.7116202,451.29418439
03:16:00,,,,,,,
03:17:00,451.04,451.04,450.69,450.69,12.90943647,5818.6464554,450.72815292
03:18:00,,,,,,,
03:19:00,,,,,,,
03:20:00,450.82,450.82,450.82,450.82,5.20950458,2348.5488548,450.82
03:21:00,451.06,451.08,451.06,451.08,3.001,1353.6783048,451.07574303
03:22:00,,,,,,,
03:23:00,,,,,,,
03:24:00,,,,,,,
03:25:00,450.99,451.08,450.99,451.08,2.90317815,1309.5305301,451.06792019
03:26:00,,,,,,,
03:27:00,451.08,451.08,451.08,451.08,0.03925479,17.707050673,451.08
03:28:00,451.08,451.08,451.08,451.08,2.21062216,997.16744393,451.08
03:29:00,,,,,,,
03:30:00,451.08,451.08,451.08,451.08,0.18695345,84.330962226,451.08
03:31:00,451.08,451.08,450.74,450.74,1.9318,871.153992,450.95454602
03:32:00,,,,,,,
03:33:00,,,,,,,
03:34:00,,,,,,,
03:35:00,,,,,,,
03:36:00,451.08,451.08,451.08,451.08,3.56841404,1609.6402052,451.08
03:37:00,451.18,451.18,451.18,451.18,0.5,225.59,451.18
03:38:00,451.66,451.66,451.66,451.66,0.0560901,25.333654566,451.66
03:39:00,,,,,,,
03:40:00,451.59,451.59,451.59,451.59,0.46685578,210.82740169,451.59
03:41:00,451.59,451.59,451.59,451.59,0.85590226,386.51690159,451.59
03:42:00,451.8,451.8,451.8,451.8,0.114937,51.9285366,451.8
03:43:00,,,,,,,
03:44:00,,,,,,,
03:45:00,,,,,,,
03:46:00,450.77,450.77,450.77,450.77,0.05667549,25.547610627,450.77
03:47:00,451.68,451.68,451.68,451.68,4.8863689,2207.0751048,451.68
03:48:00,450.99,451.62,450.99,451.62,1.3078325,589.85598218,451.01798753
03:49:00,,,,,,,
03:50:00,,,,,,,
03:51:00,,,,,,,
03:52:00,,,,,,,
03:53:00,451.62,451.62,451.62,451.62,0.71962144,324.99543473,451.62
03:54:00,452.06,452.06,452.06,452.06,0.02840884,12.84250021,452.06
03:55:00,451.83,451.83,451.83,451.83,0.252,113.86116,451.83
03:56:00,,,,,,,
03:57:00,451.74,451.74,451.74,451.74,1.0,451.74,451.74
03:58:00,,,,,,,
03:59:00,451.72,451.72,451.72,451.72,0.235,106.1542,451.72
04:00:00,451.72,451.72,451.72,451.72,0.07770949,35.102930823,451.72
04:01:00,451.72,451.72,451.72,451.72,1.949,880.40228,451.72
04:02:00,451.68,451.68,451.68,451.68,0.219,98.91792,451.68
04:03:00,,,,,,,
04:04:00,,,,,,,
04:05:00,451.72,451.72,451.72,451.72,0.205,92.6026,451.72
04:06:00,451.09,451.09,450.73,450.81,0.06,27.0526,450.87666667
04:07:00,450.87,450.99,450.87,450.99,0.06,27.0556,450.92666667
04:08:00,451.0,451.22,450.7,451.22,2.814,1269.7144734,451.21338786
04:09:00,451.22,451.22,450.68,450.68,0.231,104.21122,451.13082251
04:10:00,,,,,,,
04:11:00,451.32,451.32,451.32,451.32,0.62229523,280.8542832,451.32
04:12:00,450.75,451.32,450.75,450.75,0.25133828,113.39275971,451.15594692
04:13:00,,,,,,,
04:14:00,450.79,450.79,450.75,450.75,0.04,18.0308,450.77
04:15:00,450.75,451.2,450.75,451.2,0.89664495,404.53920144,451.16988775
04:16:00,450.75,451.43,450.74,450.81,13.78611347,6220.0772591,451.18424947
04:17:00,451.2,451.22,451.2,451.22,0.06,27.0728,451.21333333
04:18:00,451.22,451.63,451.22,451.22,0.1205148,54.392634124,451.33572079
04:19:00,451.22,451.6,451.22,451.6,2.65574402,1199.3080994,451.59024755
04:20:00,451.22,451.68,450.93,450.93,16.40574647,7402.4679397,451.21189415
04:21:00,450.79,450.82,450.79,450.82,0.4933158,222.39602896,450.81878374
04:22:00,451.0,452.05,451.0,451.03,0.185,83.58785,451.82621622
04:23:00,451.06,451.12,451.06,451.12,0.06,27.0656,451.09333333
04:24:00,451.16,451.2,451.15,451.2,30.06,13561.63723,451.15226979
04:25:00,451.03,451.77,451.03,451.7,0.50604914,228.56536998,451.66635394
04:26:00,451.08,451.13,451.08,451.13,0.06,27.0664,451.10666667
04:27:00,451.0,451.0,451.0,451.0,0.02,9.02,451.0
04:28:00,451.67,451.67,451.67,451.67,0.012,5.42004,451.67
04:29:00,450.97,450.97,450.69,450.69,1.74364036,786.32389315,450.96678833
04:30:00,451.52,451.52,450.86,450.86,2.768,1249.79416,451.51523121
04:31:00,450.89,451.6,450.89,450.94,0.68552146,309.54049134,451.54019151
04:32:00,450.96,450.96,450.96,450.96,0.02,9.0192,450.96
04:33:00,,,,,,,
04:34:00,451.63,451.63,451.63,451.63,0.29533979,133.38430936,451.63
04:35:00,,,,,,,
04:36:00,,,,,,,
04:37:00,,,,,,,
04:38:00,,,,,,,
04:39:00,,,,,,,
04:40:00,451.63,451.65,451.63,451.65,1.24623947,562.84033365,451.63096435
04:41:00,,,,,,,
04:42:00,,,,,,,
04:43:00,451.71,451.73,451.71,451.73,0.87032011,393.14946329,451.72972424
04:44:00,,,,,,,
04:45:00,451.72,451.72,451.72,451.72,2.731,1233.64732,451.72
04:46:00,,,,,,,
04:47:00,,,,,,,
04:48:00,,,,,,,
04:49:00,451.68,451.68,451.68,451.68,0.21929003,99.04892075,451.68
04:50:00,451.59,451.59,451.59,451.59,0.22561549,101.88569913,451.59
04:51:00,451.03,451.71,451.03,451.71,2.8471857,1286.0586349,451.69468042
04:52:00,,,,,,,
04:53:00,,,,,,,
04:54:00,451.59,451.59,451.59,451.59,0.2208862,99.749999058,451.59
04:55:00,,,,,,,
04:56:00,,,,,,,
04:57:00,451.48,451.48,451.48,451.48,0.21928519,99.002877581,451.48
04:58:00,450.88,450.88,450.88,450.88,0.07754912,34.965347226,450.88
04:59:00,,,,,,,
05:00:00,450.88,450.89,450.49,450.49,27.03997891,12189.634746,450.80045317
05:01:00,451.02,451.02,451.02,451.02,0.335,151.0917,451.02
05:02:00,,,,,,,
05:03:00,451.14,451.14,451.14,451.14,0.109,49.17426,451.14
05:04:00,,,,,,,
05:05:00,,,,,,,
05:06:00,451.0,451.0,451.0,451.0,0.04918678,22.18323778,451.0
05:07:00,450.55,450.55,450.55,450.55,0.013068,5.8877874,450.55
05:08:00,,,,,,,
05:09:00,450.4,450.4,450.4,450.4,0.01828323,8.234766792,450.4
05:10:00,450.45,450.45,450.45,450.45,0.07759769,34.95387946,450.45
05:11:00,,,,,,,
05:12:00,,,,,,,
05:13:00,450.62,451.13,450.52,450.52,0.26087551,117.60475985,450.80797291
05:14:00,,,,,,,
05:15:00,,,,,,,
05:16:00,450.4,450.4,450.4,450.4,3.9999,1801.55496,450.4
05:17:00,,,,,,,
05:18:00,,,,,,,
05:19:00,,,,,,,
05:20:00,450.4,450.95,450.4,450.95,1.57516167,710.2951037,450.93473084
05:21:00,451.3,451.3,451.3,451.3,0.02,9.026,451.3
05:22:00,,,,,,,
05:23:00,,,,,,,
05:24:00,451.21,451.21,451.21,451.21,0.0243124,10.969998004,451.21
05:25:00,,,,,,,
05:26:00,,,,,,,
05:27:00,,,,,,,
05:28:00,,,,,,,
05:29:00,450.72,450.72,450.56,450.56,0.28643074,129.06546621,450.59921367
05:30:00,,,,,,,
05:31:00,,,,,,,
05:32:00,450.47,451.15,450.47,451.15,0.28467584,128.25152564,450.51777364
05:33:00,451.15,451.3,451.15,451.3,0.06,27.072,451.2
05:34:00,451.25,451.25,451.24,451.24,0.06,27.0746,451.24333333
05:35:00,451.23,451.23,451.23,451.23,0.02,9.0246,451.23
05:36:00,451.12,451.12,451.12,451.12,0.02,9.0224,451.12
05:37:00,451.14,451.14,451.14,451.14,0.04,18.0456,451.14
05:38:00,450.6,450.6,450.6,450.6,0.55065749,248.12626499,450.6
05:39:00,,,,,,,
05:40:00,,,,,,,
05:41:00,,,,,,,
05:42:00,,,,,,,
05:43:00,450.4,450.4,450.4,450.4,0.01658998,7.472126992,450.4
05:44:00,,,,,,,
05:45:00,,,,,,,
05:46:00,450.88,450.88,450.88,450.88,1.057,476.58016,450.88
05:47:00,450.88,450.88,450.88,450.88,7.0,3156.16,450.88
05:48:00,450.4,450.4,450.0,450.0,258.52669736,116358.56612,450.0833659
05:49:00,450.0,450.0,449.95,449.97,39.90676914,17957.935421,449.99722624
05:50:00,449.97,449.97,449.75,449.75,5.49212047,2471.1411014,449.94298921
05:51:00,449.75,449.75,449.52,449.52,0.5488245,246.80192153,449.69188061
05:52:00,449.51,449.52,449.17,449.25,8.36846147,3759.6061759,449.25894555
05:53:00,450.2,450.2,450.2,450.2,0.903,406.5306,450.2
05:54:00,449.92,449.92,449.55,449.55,0.1,44.9624,449.624
05:55:00,449.25,449.36,449.25,449.36,1.57334723,706.99470282,449.35707093
05:56:00,449.54,449.54,449.54,449.54,0.883,396.94382,449.54
05:57:00,449.8,449.95,449.74,449.74,5.34175653,2402.4111818,449.74179716
05:58:00,449.52,449.52,449.52,449.52,0.02,8.9904,449.52
05:59:00,449.16,449.16,449.0,449.0,20.63571986,9265.7612171,449.01565247
06:00:00,449.0,449.0,448.96,448.96,4.57107948,2052.4136865,448.99978123
06:01:00,448.96,448.96,448.88,448.96,6.91615084,3105.0510411,448.95652408
06:02:00,448.96,449.71,448.96,449.71,7.02,3151.7142,448.96213675
06:03:00,449.67,449.75,449.67,449.75,8.754,3936.4715,449.67689056
06:04:00,449.71,449.71,448.98,448.98,7.27814402,3272.5121021,449.63552426
06:05:00,,,,,,,
06:06:00,449.86,449.86,449.86,449.86,7.078,3184.10908,449.86
06:07:00,449.4,450.14,449.4,450.12,7.51914715,3379.5281025,449.45630602
06:08:00,450.23,450.28,450.23,450.28,4.15999307,1872.9592187,450.23133144
06:09:00,450.08,450.08,450.08,450.08,0.02,9.0016,450.08
06:10:00,449.91,449.91,449.91,449.91,1.18561051,533.41802455,449.91
06:11:00,,,,,,,
06:12:00,,,,,,,
06:13:00,449.97,450.59,449.97,450.59,1.047,471.46773,450.30346705
06:14:00,,,,,,,
06:15:00,450.28,450.28,450.28,450.28,0.19506196,87.832499349,450.28
06:16:00,,,,,,,
06:17:00,450.28,450.28,449.49,449.49,0.77684268,349.59934623,450.02592576
06:18:00,450.28,450.28,450.28,450.28,2.29670427,1034.1599987,450.28
06:19:00,,,,,,,
06:20:00,450.28,450.78,450.28,450.78,0.492,221.67876,450.56658537
06:21:00,450.68,450.68,450.68,450.68,0.03117945,14.051954526,450.68
06:22:00,450.62,450.62,450.62,450.62,0.05,22.531,450.62
06:23:00,450.8,450.8,450.8,450.8,0.459,206.9172,450.8
06:24:00,,,,,,,
06:25:00,,,,,,,
06:26:00,,,,,,,
06:27:00,450.41,450.41,450.41,450.41,0.429,193.22589,450.41
06:28:00,450.34,450.58,449.53,449.53,8.76381677,3947.1471861,450.39134086
06:29:00,450.52,450.52,450.52,450.52,0.03759298,16.93638935,450.52
06:30:00,450.38,450.39,450.38,450.39,7.0303397,3166.3283805,450.38056703
06:31:00,450.59,450.59,449.76,449.76,5.38452342,2426.1703268,450.58218482
06:32:00,449.76,449.76,449.76,449.76,0.0512,23.027712,449.76
06:33:00,450.66,450.66,450.66,450.66,0.373,168.09618,450.66
06:34:00,,,,,,,
06:35:00,449.85,449.85,449.77,449.77,1.67952279,755.49224526,449.82553959
06:36:00,,,,,,,
06:37:00,450.49,450.49,450.49,450.49,0.348,156.77052,450.49
06:38:00,450.49,450.49,450.49,450.49,21.60496436,9732.8203945,450.49
06:39:00,,,,,,,
06:40:00,450.49,450.49,450.0,450.04,2.48227211,1117.6919477,450.26971184
06:41:00,450.04,450.04,450.04,450.04,0.03,13.5012,450.04
06:42:00,450.04,450.59,450.04,450.59,1.5,675.83882343,450.55921562
06:43:00,,,,,,,
06:44:00,450.0,450.0,450.0,450.0,0.303,136.35,450.0
06:45:00,,,,,,,
06:46:00,,,,,,,
06:47:00,450.0,450.0,450.0,450.0,0.483,217.35,450.0
06:48:00,450.0,450.0,449.73,449.73,3.21800721,1448.0963514,449.99785796
06:49:00,,,,,,,
06:50:00,450.56,450.56,450.56,450.56,0.30157379,135.87708682,450.56
06:51:00,,,,,,,
06:52:00,449.8,449.8,449.8,449.8,0.366,164.6268,449.8
06:53:00,,,,,,,
06:54:00,450.55,450.55,450.07,450.07,0.69,310.66686,450.24182609
06:55:00,449.9,449.9,449.71,449.71,8.40421244,3780.5816768,449.84365921
06:56:00,,,,,,,
06:57:00,449.71,449.71,449.71,449.71,5.38433296,2421.3883754,449.71
06:58:00,,,,,,,
06:59:00,,,,,,,
07:00:00,,,,,,,
07:01:00,449.8,449.8,449.61,449.61,0.81973775,368.60313978,449.65983301
07:02:00,449.8,449.8,449.29,449.29,14.55,6541.056248,449.55713045
07:03:00,449.28,449.28,449.28,449.28,0.02675518,12.02056727,449.28
07:04:00,449.75,449.75,449.07,449.07,20.06340276,9012.0413576,449.17811128
07:05:00,449.75,449.75,449.75,449.75,0.07234019,32.535000453,449.75
07:06:00,449.75,449.75,449.75,449.75,0.05113412,22.99757047,449.75
07:07:00,449.75,450.41,449.75,450.38,1.7365493,781.14906767,449.82832775
07:08:00,449.71,450.32,449.71,450.32,3.677001,1655.5830903,450.25364157
07:09:00,450.19,450.19,450.19,450.19,0.04,18.0076,450.19
07:10:00,450.19,450.19,450.19,450.19,0.02,9.0038,450.19
07:11:00,450.19,450.19,450.19,450.19,0.235,105.79465,450.19
07:12:00,450.19,450.19,450.19,450.19,0.145,65.27755,450.19
07:13:00,450.37,450.37,450.25,450.25,0.06,27.0192,450.32
07:14:00,450.19,450.25,450.19,450.25,0.45413,204.4622525,450.22846432
07:15:00,449.73,449.73,449.73,449.73,0.0222,9.984006,449.73
07:16:00,,,,,,,
07:17:00,450.19,450.19,450.19,450.19,0.152,68.42888,450.19
07:18:00,,,,,,,
07:19:00,,,,,,,
07:20:00,,,,,,,
07:21:00,449.8,450.19,449.8,450.19,0.84093094,378.30493331,449.86444822
07:22:00,449.8,450.19,449.8,450.19,3.32486793,1496.8066813,450.18530445
07:23:00,450.19,450.19,449.99,449.99,3.04338237,1370.0310627,450.16724689
07:24:00,,,,,,,
07:25:00,,,,,,,
07:26:00,,,,,,,
07:27:00,449.93,449.93,449.93,449.93,0.225165,101.30848845,449.93
07:28:00,,,,,,,
07:29:00,450.07,450.07,449.96,449.96,3.54587,1595.8670652,450.0636135
07:30:00,450.34,450.34,450.34,450.34,5.53806013,2494.0099989,450.34
07:31:00,,,,,,,
07:32:00,,,,,,,
07:33:00,,,,,,,
07:34:00,,,,,,,
07:35:00,,,,,,,
07:36:00,,,,,,,
07:37:00,450.51,450.51,450.51,450.51,0.03966616,17.870001742,450.51
07:38:00,,,,,,,
07:39:00,,,,,,,
07:40:00,450.51,450.51,450.51,450.51,1.7897703,806.30941785,450.51
07:41:00,450.51,450.51,450.51,450.51,0.02371081,10.681957013,450.51
07:42:00,450.51,450.51,450.51,450.51,0.47192843,212.608477,450.51
07:43:00,,,,,,,
07:44:00,,,,,,,
07:45:00,450.5,450.5,449.78,450.5,1.14557742,516.03723178,450.46037289
07:46:00,450.44,450.44,450.44,450.44,1.511,680.61484,450.44
07:47:00,449.96,449.96,449.96,449.96,0.04455529,20.048098288,449.96
07:48:00,449.85,449.85,449.85,449.85,0.45,202.4325,449.85
07:49:00,,,,,,,
07:50:00,,,,,,,
07:51:00,,,,,,,
07:52:00,,,,,,,
07:53:00,,,,,,,
07:54:00,450.41,450.41,450.41,450.41,0.455,204.93655,450.41
07:55:00,450.42,450.53,450.42,450.53,3.05344104,1375.3423405,450.42374242
07:56:00,,,,,,,
07:57:00,,,,,,,
07:58:00,450.52,450.52,450.52,450.52,0.02,9.0104,450.52
07:59:00,450.49,450.49,450.49,450.49,0.292,131.54308,450.49
08:00:00,450.09,450.49,449.93,450.49,4.62451201,2082.1000643,450.2313022
08:01:00,450.48,450.48,449.94,450.47,1.35457692,610.06703071,450.37459424
08:02:00,450.48,450.48,450.48,450.48,4.00844829,1805.7257857,450.48
08:03:00,450.49,450.49,450.49,450.49,0.54168,244.0214232,450.49
08:04:00,450.49,450.55,450.49,450.55,18.60312005,8381.6082393,450.5485218
08:05:00,450.55,450.55,450.55,450.55,0.45191,203.6080505,450.55
08:06:00,,,,,,,
08:07:00,450.55,450.55,450.48,450.55,4.79544469,2160.3009329,450.4902199
08:08:00,,,,,,,
08:09:00,,,,,,,
08:10:00,,,,,,,
08:11:00,,,,,,,
08:12:00,450.55,450.55,450.48,450.48,8.21420486,3700.5615003,450.50757357
08:13:00,450.48,450.48,450.48,450.48,7.9469134,3579.9255484,450.48
08:14:00,,,,,,,
08:15:00,,,,,,,
08:16:00,450.48,450.55,450.48,450.55,11.25216943,5068.8789395,450.48014705
08:17:00,,,,,,,
08:18:00,450.53,450.53,450.53,450.53,0.2763918,124.52279765,450.53
08:19:00,,,,,,,
08:20:00,,,,,,,
08:21:00,,,,,,,
08:22:00,,,,,,,
08:23:00,,,,,,,
08:24:00,,,,,,,
08:25:00,,,,,,,
08:26:00,450.53,450.55,450.48,450.55,17.50085921,7884.971354,450.5476708
08:27:00,,,,,,,
08:28:00,450.55,450.55,450.55,450.55,7.52926168,3392.3088499,450.55
08:29:00,450.55,450.55,450.55,450.55,2.15700881,971.84031935,450.55
08:30:00,450.48,450.83,450.48,450.83,4.084,1840.2507316,450.60008119
08:31:00,450.48,451.15,450.48,451.15,8.10542478,3655.7517726,451.02531599
08:32:00,451.23,451.27,451.23,451.27,0.455,205.32552904,451.26489898
08:33:00,,,,,,,
08:34:00,451.18,451.18,450.83,450.83,2.50561567,1130.150555,451.04704944
08:35:00,450.5,451.0,450.48,451.0,4.47322,2015.3459902,450.53585342
08:36:00,,,,,,,
08:37:00,450.48,450.48,450.48,450.48,2.01,905.4648,450.48
08:38:00,451.0,451.0,451.0,451.0,0.396,178.596,451.0
08:39:00,,,,,,,
08:40:00,,,,,,,
08:41:00,451.0,451.0,451.0,451.0,0.11210782,50.56062682,451.0
08:42:00,451.0,451.0,451.0,451.0,0.37,166.87,451.0
08:43:00,451.0,451.0,450.97,450.97,0.21666196,97.711225029,450.98468153
08:44:00,451.0,451.0,451.0,451.0,0.79978344,360.70233144,451.0
08:45:00,451.22,451.22,450.97,451.2,1.79349473,809.16006039,451.16389073
08:46:00,,,,,,,
08:47:00,,,,,,,
08:48:00,451.26,451.26,451.26,451.26,0.322,145.30572,451.26
08:49:00,,,,,,,
08:50:00,451.21,451.21,451.21,451.21,0.0387846,17.499999366,451.21
08:51:00,,,,,,,
08:52:00,451.23,451.23,451.23,451.23,0.301,135.82023,451.23
08:53:00,,,,,,,
08:54:00,451.18,451.18,451.18,451.18,0.17908595,80.799998921,451.18
08:55:00,450.97,451.2,450.97,451.2,0.3906901,176.2541444,451.13542523
08:56:00,450.97,450.97,450.97,450.97,0.09744415,43.944388326,450.97
08:57:00,450.51,450.51,450.48,450.48,1.16285934,523.87828247,450.50872831
08:58:00,450.48,450.48,450.48,450.48,0.15482183,69.744137978,450.48
08:59:00,450.97,450.97,450.97,450.97,0.262,118.15414,450.97
09:00:00,,,,,,,
09:01:00,450.97,450.97,450.97,450.97,0.16344768,73.71000025,450.97
09:02:00,450.97,450.97,450.97,450.97,0.3826345,172.55668046,450.97
09:03:00,450.97,450.97,450.97,450.97,0.38521409,173.71999817,450.97
09:04:00,450.97,450.97,450.97,450.97,0.16320376,73.599999647,450.97
09:05:00,450.97,450.97,450.96,450.96,0.24680433,111.2990687,450.96076191
09:06:00,,,,,,,
09:07:00,,,,,,,
09:08:00,450.51,450.97,450.51,450.51,0.98228892,442.55980721,450.53934561
09:09:00,450.8,450.8,450.8,450.8,0.213,96.0204,450.8
09:10:00,450.85,450.85,450.85,450.85,3.0,1352.55,450.85
09:11:00,450.96,450.96,450.96,450.96,3.18250876,1435.1841504,450.96
09:12:00,450.97,450.97,450.97,450.97,3.199,1442.65303,450.97
09:13:00,450.97,450.97,450.97,450.97,5.0,2254.85,450.97
09:14:00,,,,,,,
09:15:00,450.97,450.97,450.97,450.97,0.185,83.42945,450.97
09:16:00,450.97,451.03,450.97,451.03,0.988,445.60452781,451.01672855
09:17:00,450.51,451.03,450.51,451.03,6.3415913,2857.3970286,450.58044478
09:18:00,450.51,450.51,450.51,450.51,0.102,45.95202,450.51
09:19:00,450.98,451.04,450.51,451.02,26.2389,11833.284121,450.98247718
09:20:00,451.02,451.69,451.02,451.69,41.53235504,18743.882285,451.30795657
09:21:00,451.04,451.12,451.04,451.12,13.50432414,6092.026226,451.11670624
09:22:00,451.0,451.0,451.0,451.0,0.181,81.631,451.0
09:23:00,450.53,450.53,450.53,450.53,0.226,101.81978,450.53
09:24:00,450.53,450.53,450.53,450.53,0.32524049,146.53059796,450.53
09:25:00,,,,,,,
09:26:00,450.98,450.98,450.98,450.98,0.68255924,307.82056606,450.98
09:27:00,,,,,,,
09:28:00,450.53,450.53,450.53,450.53,0.06563798,29.571879129,450.53
09:29:00,450.96,450.96,450.96,450.96,0.141,63.58536,450.96
09:30:00,,,,,,,
09:31:00,450.94,450.94,450.29,450.92,6.01963,2711.973197,450.52157641
09:32:00,450.91,450.91,450.87,450.88,8.0,3607.06,450.8825
09:33:00,450.88,450.88,450.88,450.88,0.993,447.72384,450.88
09:34:00,,,,,,,
09:35:00,449.73,451.09,449.73,451.09,26.91046586,12131.571983,450.81241053
09:36:00,450.0,450.0,450.0,450.0,8.039,3617.55,450.0
09:37:00,,,,,,,
09:38:00,,,,,,,
09:39:00,450.0,450.0,450.0,450.0,14.02271111,6310.2199995,450.0
09:40:00,450.0,450.0,450.0,450.0,0.04553061,20.4887745,450.0
09:41:00,,,,,,,
09:42:00,450.0,450.0,450.0,450.0,0.08888889,40.0000005,450.0
09:43:00,,,,,,,
09:44:00,450.0,450.0,450.0,450.0,6.645,2990.25,450.0
09:45:00,450.0,450.0,450.0,450.0,6.972,3137.4,450.0
09:46:00,450.0,450.0,450.0,450.0,7.127,3207.15,450.0
09:47:00,450.0,450.03,450.0,450.03,3.85400457,1734.3081451,450.0015798
09:48:00,450.06,450.06,450.06,450.06,0.22,99.0132,450.06
09:49:00,450.11,450.11,450.07,450.07,0.45468328,204.64841116,450.09003006
09:50:00,450.09,450.22,450.09,450.22,0.653,293.96428,450.17500766
09:51:00,,,,,,,
09:52:00,,,,,,,
09:53:00,450.11,450.11,450.11,450.11,0.40848418,183.86281426,450.11
09:54:00,450.11,450.11,450.11,450.11,0.58061603,261.34108126,450.11
09:55:00,,,,,,,
09:56:00,450.11,450.11,450.11,450.11,1.98753912,894.6112333,450.11
09:57:00,,,,,,,
09:58:00,450.62,450.88,450.62,450.88,0.61942161,279.25381312,450.82994944
09:59:00,,,,,,,
10:00:00,450.46,450.9,450.46,450.9,0.43541582,196.22629028,450.66412671
10:01:00,450.9,450.9,450.56,450.56,0.14772766,66.602173894,450.84430292
10:02:00,451.0,451.0,451.0,451.0,6.768,3052.368,451.0
10:03:00,450.84,451.2,450.84,451.2,1.37799999,621.62111549,451.10386067
10:04:00,451.2,451.2,451.2,451.2,0.5,225.6,451.2
10:05:00,451.3,451.4,451.3,451.39,0.46267009,208.80603575,451.30653627
10:06:00,,,,,,,
10:07:00,451.29,451.29,451.29,451.29,0.01815,8.1909135,451.29
10:08:00,451.29,451.31,451.29,451.31,1.00001145,451.29907875,451.29391144
10:09:00,451.31,451.31,451.31,451.31,6.41832599,2896.6547025,451.31
10:10:00,,,,,,,
10:11:00,,,,,,,
10:12:00,,,,,,,
10:13:00,,,,,,,
10:14:00,,,,,,,
10:15:00,,,,,,,
10:16:00,,,,,,,
10:17:00,,,,,,,
10:18:00,451.13,451.69,450.77,450.77,2.06265517,930.76024897,451.24374762
10:19:00,,,,,,,
10:20:00,,,,,,,
10:21:00,,,,,,,
10:22:00,451.08,451.08,451.08,451.08,1.01873443,459.53072668,451.08
10:23:00,,,,,,,
10:24:00,,,,,,,
10:25:00,451.61,451.61,451.61,451.61,0.4545,205.256745,451.61
10:26:00,451.61,451.61,451.61,451.61,0.128,57.80608,451.61
10:27:00,451.08,451.08,451.08,451.08,0.02221344,10.020038515,451.08
10:28:00,450.78,450.78,450.78,450.78,0.07159688,32.274441566,450.78
10:29:00,,,,,,,
10:30:00,,,,,,,
10:31:00,451.48,451.48,451.48,451.48,1.91629624,865.16942644,451.48
10:32:00,451.5,451.5,451.5,451.5,0.29311184,132.33999576,451.5
10:33:00,,,,,,,
10:34:00,451.5,451.5,451.04,451.04,0.14167352,63.934543355,451.28082761
10:35:00,,,,,,,
10:36:00,451.5,451.5,451.5,451.5,0.11902,53.73753,451.5
10:37:00,,,,,,,
10:38:00,,,,,,,
10:39:00,451.5,451.5,451.5,451.5,0.0748147,33.77883705,451.5
10:40:00,,,,,,,
10:41:00,,,,,,,
10:42:00,,,,,,,
10:43:00,,,,,,,
10:44:00,,,,,,,
10:45:00,,,,,,,
10:46:00,451.38,451.38,451.38,451.38,1.12392725,507.3182821,451.38
10:47:00,451.38,451.38,451.38,451.38,0.432,194.99616,451.38
10:48:00,451.38,451.47,450.75,451.47,4.63842118,2091.157976,450.83400036
10:49:00,450.46,451.41,450.46,451.41,1.242033,560.10656653,450.95948862
10:50:00,,,,,,,
10:51:00,451.25,451.25,451.25,451.25,0.03624,16.3533,451.25
10:52:00,,,,,,,
10:53:00,450.53,450.64,450.53,450.56,1.87420647,844.52030422,450.6015307
10:54:00,,,,,,,
10:55:00,450.6,450.6,450.6,450.6,0.02899996,13.067381976,450.6
10:56:00,451.23,451.23,451.23,451.23,2.66477303,1202.4255343,451.23
10:57:00,451.5,451.5,451.5,451.5,0.1336291,60.33353865,451.5
10:58:00,451.5,451.5,451.5,451.5,0.085,38.3775,451.5
10:59:00,,,,,,,
11:00:00,451.5,451.53,451.5,451.53,0.29265,132.136929,451.5186366
11:01:00,,,,,,,
11:02:00,,,,,,,
11:03:00,,,,,,,
11:04:00,451.53,451.53,451.51,451.51,0.04407065,19.898702781,451.51825039
11:05:00,451.5,451.5,451.49,451.49,7.5505209,3409.0013863,451.49221246
11:06:00,450.68,450.68,450.68,450.68,0.556,250.57808,450.68
11:07:00,450.68,451.43,450.43,451.43,7.61909,3432.2564241,450.48114987
11:08:00,451.38,451.38,451.36,451.36,2.66148795,1201.3292011,451.37502919
11:09:00,451.36,451.52,451.36,451.52,16.04109183,7240.6364671,451.38052595
11:10:00,451.51,451.52,451.51,451.52,0.3205,144.70916,451.51063963
11:11:00,,,,,,,
11:12:00,451.5,451.5,451.5,451.5,0.38885,175.565775,451.5
11:13:00,451.5,451.5,451.5,451.5,0.2222,100.3233,451.5
11:14:00,,,,,,,
11:15:00,451.5,451.5,451.5,451.5,0.2321621,104.82118815,451.5
11:16:00,451.1,451.1,451.1,451.1,0.25713406,115.99317447,451.1
11:17:00,,,,,,,
11:18:00,,,,,,,
11:19:00,451.5,451.5,451.5,451.5,0.14060269,63.482114535,451.5
11:20:00,451.5,451.5,451.5,451.5,1.19307438,538.67308257,451.5
11:21:00,451.18,451.18,451.18,451.18,0.03527319,15.914557864,451.18
11:22:00,,,,,,,
11:23:00,,,,,,,
11:24:00,451.5,451.5,451.5,451.5,0.65511083,295.78253975,451.5
11:25:00,451.52,451.52,451.52,451.52,5.35,2415.632,451.52
11:26:00,,,,,,,
11:27:00,451.52,451.52,451.52,451.52,0.1515,68.40528,451.52
11:28:00,451.52,451.52,451.52,451.52,80.17266817,36199.563132,451.52
11:29:00,,,,,,,
11:30:00,451.52,451.52,451.52,451.52,0.00533183,2.4074278816,451.52
11:31:00,451.72,452.0,451.72,452.0,28.0,12652.466479,451.87380283
11:32:00,,,,,,,
11:33:00,451.72,452.16,451.72,452.16,4.1657372,1882.3840144,451.87296366
11:34:00,452.16,452.5,452.16,452.5,30.97030988,14007.145081,452.27655568
11:35:00,451.9,452.5,451.9,452.47,4.8436538,2191.277291,452.40171603
11:36:00,452.47,452.47,452.47,452.47,0.404,182.79788,452.47
11:37:00,452.41,452.41,452.41,452.41,0.29693,134.3341013,452.41
11:38:00,452.38,452.38,452.35,452.36,10.6182,4803.240242,452.35917971
11:39:00,452.41,452.41,452.41,452.41,11.0118,4981.848438,452.41
11:40:00,452.37,452.37,452.02,452.02,0.05472,24.7387309,452.09669042
11:41:00,452.28,452.28,452.02,452.02,4.38696831,1983.0626152,452.03486215
11:42:00,452.39,452.41,452.39,452.41,4.0,1809.6,452.4
11:43:00,452.41,452.41,452.41,452.41,0.248,112.19768,452.41
11:44:00,452.39,452.39,452.02,452.02,2.2107,999.336114,452.04510517
11:45:00,452.39,452.39,452.39,452.39,17.4908,7912.663012,452.39
11:46:00,,,,,,,
11:47:00,452.39,452.39,452.02,452.16,2.61292776,1182.0284726,452.37701964
11:48:00,452.5,452.5,452.5,452.5,0.2,90.5,452.5
11:49:00,452.5,452.5,452.5,452.5,8.11210782,3670.7287885,452.5
11:50:00,452.16,452.49,452.16,452.49,4.9002565,2217.2568413,452.47771035
11:51:00,452.16,452.48,452.16,452.48,1.34663,609.2528384,452.42779264
11:52:00,,,,,,,
11:53:00,,,,,,,
11:54:00,452.25,452.25,452.16,452.16,15.05692051,6808.1426667,452.16036454
11:55:00,452.1,452.15,451.5,451.5,33.984,15364.420343,452.10747244
11:56:00,452.04,452.04,451.88,451.88,0.5213867,235.64789601,451.9637651
11:57:00,451.86,451.86,451.5,451.5,0.04803075,21.693850695,451.66587436
11:58:00,451.66,452.24,451.66,452.24,8.49698888,3839.7665999,451.89733142
11:59:00,452.24,452.24,452.24,452.24,0.593,268.17832,452.24
12:00:00,451.52,451.52,451.52,451.52,0.78,352.1856,451.52
12:01:00,452.21,452.21,452.21,452.21,0.03896419,17.61999636,452.21
12:02:00,451.53,451.55,451.53,451.53,0.91415973,412.7837515,451.54444892
12:03:00,,,,,,,
12:04:00,452.15,452.15,452.15,452.15,1.251,565.63965,452.15
12:05:00,452.15,452.15,452.15,452.15,0.02532345,11.449997917,452.15
12:06:00,452.15,452.15,451.52,451.52,3.879,1753.63092,452.08324826
12:07:00,452.15,452.15,451.52,452.15,0.92995922,420.08516932,451.72429101
12:08:00,451.52,452.15,451.52,452.15,0.74637827,337.39555478,452.04364642
12:09:00,451.52,451.52,451.5,451.5,5.10468585,2304.7710829,451.50106208
12:10:00,452.09,452.09,452.09,452.09,0.33498454,151.44316069,452.09
12:11:00,,,,,,,
12:12:00,,,,,,,
12:13:00,452.09,452.09,452.09,452.09,0.61449218,277.80576966,452.09
12:14:00,,,,,,,
12:15:00,452.09,452.09,451.51,451.51,0.30646,138.4214674,451.67874241
12:16:00,452.09,452.09,452.09,452.09,0.377,170.43793,452.09
12:17:00,,,,,,,
12:18:00,452.09,452.09,452.09,452.09,0.21900484,99.009898116,452.09
12:19:00,451.52,451.52,451.52,451.52,12.3329096,5568.5553426,451.52
12:20:00,451.52,451.52,451.52,451.52,2.26612893,1023.2025345,451.52
12:21:00,,,,,,,
12:22:00,,,,,,,
12:23:00,,,,,,,
12:24:00,,,,,,,
12:25:00,451.52,452.38,451.52,452.38,5.56843869,2514.2784365,451.52305278
12:26:00,,,,,,,
12:27:00,451.9,451.9,451.52,451.52,0.7308,329.978416,451.53039956
12:28:00,451.53,451.53,451.53,451.53,1.66923721,753.71067743,451.53
12:29:00,451.66,451.68,451.66,451.66,31.9381,14425.176835,451.6604568
12:30:00,451.66,451.66,451.66,451.66,10.4725,4730.00935,451.66
12:31:00,,,,,,,
12:32:00,,,,,,,
12:33:00,452.19,452.19,452.19,452.19,0.44118623,199.50000134,452.19
12:34:00,452.18,452.19,452.18,452.19,1.08642958,491.27164078,452.18912466
12:35:00,,,,,,,
12:36:00,452.1,452.1,452.1,452.1,0.60103113,271.72617387,452.1
12:37:00,,,,,,,
12:38:00,451.66,452.19,451.66,452.19,0.97398335,439.96193425,451.7140198
12:39:00,451.66,452.19,451.66,452.19,1.03308233,466.91681697,451.96476932
12:40:00,451.66,452.19,451.66,452.19,2.16534468,978.92613018,452.08790047
12:41:00,451.66,451.66,451.66,451.66,0.129,58.26414,451.66
12:42:00,451.66,451.66,451.66,451.66,4.0,1806.64,451.66
12:43:00,452.19,452.19,452.19,452.19,0.01738207,7.8599982333,452.19
12:44:00,,,,,,,
12:45:00,452.26,452.26,452.26,452.26,0.02,9.0452,452.26
12:46:00,452.26,452.26,452.26,452.26,0.02,9.0452,452.26
12:47:00,452.26,452.26,452.25,452.25,0.31944,144.469785,452.25953231
12:48:00,451.68,451.68,451.68,451.68,0.09898377,44.708989234,451.68
12:49:00,,,,,,,
12:50:00,,,,,,,
12:51:00,451.68,451.68,451.68,451.68,0.13460406,60.797961821,451.68
12:52:00,452.35,452.37,451.67,451.67,1.49129547,673.91955209,451.90209831
12:53:00,,,,,,,
12:54:00,,,,,,,
12:55:00,452.22,452.22,452.22,452.22,0.11884,53.7418248,452.22
12:56:00,451.66,451.66,451.66,451.66,0.09636817,43.525647662,451.66
12:57:00,452.18,452.18,452.18,452.18,0.717894,324.61730892,452.18
12:58:00,452.1,452.1,452.1,452.1,0.03085123,13.947841083,452.1
12:59:00,,,,,,,
13:00:00,452.08,452.08,452.08,452.08,1.616,730.56128,452.08
13:01:00,451.66,452.07,451.66,452.07,0.79812229,360.7844041,452.0415087
13:02:00,,,,,,,
13:03:00,451.66,451.66,451.66,451.66,0.02218491,10.020036451,451.66
13:04:00,,,,,,,
13:05:00,452.07,452.07,451.66,451.66,0.19681268,88.90943754,451.74649082
13:06:00,,,,,,,
13:07:00,452.07,452.07,452.07,452.07,0.24022942,108.6005139,452.07
13:08:00,452.07,452.07,452.07,452.07,4.24745958,1920.1490523,452.07
13:09:00,452.06,452.06,452.06,452.06,1.13247866,511.94830304,452.06
13:10:00,452.06,452.06,451.67,452.04,2.7408115,1238.7508332,451.96498671
13:11:00,452.04,452.04,452.04,452.04,0.01743131,7.8796493724,452.04
13:12:00,451.66,452.29,451.66,452.27,1.29105521,583.54421794,451.99013445
13:13:00,452.26,452.27,452.26,452.26,2.54365358,1150.3969846,452.26165766
13:14:00,452.26,452.39,452.26,452.34,1.44401259,653.11107332,452.28904363
13:15:00,,,,,,,
13:16:00,451.9,451.9,451.69,451.69,0.07718967,34.870002042,451.74441143
13:17:00,451.69,452.26,451.66,452.26,42.41571,19157.889133,451.66965572
13:18:00,452.22,452.22,452.22,452.22,0.2525,114.18555,452.22
13:19:00,,,,,,,
13:20:00,,,,,,,
13:21:00,,,,,,,
13:22:00,451.66,451.66,451.66,451.66,0.888,401.07408,451.66
13:23:00,451.66,451.66,451.66,451.66,0.13367611,60.376151843,451.66
13:24:00,452.19,452.26,452.19,452.26,12.3133,5568.597157,452.24246603
13:25:00,451.66,451.66,451.66,451.66,0.25,112.915,451.66
13:26:00,,,,,,,
13:27:00,452.26,452.26,451.66,451.66,0.11017,49.8134842,452.15107743
13:28:00,452.23,452.23,452.23,452.23,1.85284037,837.91000053,452.23
13:29:00,452.23,452.23,452.23,452.23,3.583,1620.34009,452.23
13:30:00,452.24,452.35,452.23,452.23,0.29356105,132.75954881,452.23829526
13:31:00,452.23,452.37,451.69,452.37,1.83953,831.64128966,452.09444241
13:32:00,452.37,452.37,451.9,451.9,0.87621,396.3617177,452.35927198
13:33:00,451.67,451.68,451.67,451.68,0.04736438,21.393343158,451.67577742
13:34:00,,,,,,,
13:35:00,451.71,452.3,451.68,451.68,0.11619059,52.501827509,451.85954826
13:36:00,451.68,451.68,451.66,451.66,1.46290028,660.75218482,451.67274479
13:37:00,,,,,,,
13:38:00,452.26,452.26,452.26,452.26,0.04431079,20.039997885,452.26
13:39:00,,,,,,,
13:40:00,451.66,452.2,451.66,452.2,0.90908015,410.79646698,451.88146169
13:41:00,452.25,452.33,452.25,452.25,0.05131227,23.207170108,452.27330827
13:42:00,452.25,452.25,452.25,452.25,0.04,18.09,452.25
13:43:00,452.25,452.37,452.25,452.25,0.81954824,370.69544884,452.316814
13:44:00,452.25,452.32,452.25,452.25,0.19366858,87.587661805,452.25540356
13:45:00,452.25,452.37,452.25,452.37,4.11021382,1859.0983498,452.31183369
13:46:00,452.26,452.26,452.25,452.26,2.20418091,996.86245836,452.25981853
13:47:00,452.26,452.26,452.26,452.26,1.099,497.03374,452.26
13:48:00,452.26,452.26,452.25,452.26,1.71688,776.4651488,452.25359303
13:49:00,452.25,452.25,452.25,452.25,0.59,266.8275,452.25
13:50:00,452.26,452.26,452.26,452.26,0.05,22.613,452.26
13:51:00,452.37,452.37,452.37,452.37,0.0505,22.844685,452.37
13:52:00,,,,,,,
13:53:00,452.26,452.26,451.67,452.0,2.08823804,944.22601158,452.16397436
13:54:00,452.0,452.27,451.67,452.27,0.09367606,42.33586602,451.93901217
13:55:00,452.27,452.27,452.27,452.27,0.06,27.1362,452.27
13:56:00,452.27,452.27,451.93,452.27,0.59244946,267.86128446,452.12512213
13:57:00,452.27,452.3,452.27,452.3,5.25008669,2374.6065926,452.29854912
13:58:00,452.07,452.07,452.07,452.07,0.07341595,33.189148516,452.07
13:59:00,,,,,,,
14:00:00,452.4,452.4,452.4,452.4,12.97411,5869.487364,452.4
14:01:00,452.4,452.4,452.4,452.4,0.098983,44.7799092,452.4
14:02:00,452.12,452.12,452.12,452.12,3.462,1565.23944,452.12
14:03:00,451.93,452.4,451.93,452.4,2.35312585,1063.8959322,452.12028595
14:04:00,452.4,452.68,452.4,452.68,4.25012981,1923.1702619,452.49682902
14:05:00,452.68,452.7,452.68,452.7,0.04,18.1076,452.69
14:06:00,452.68,452.7,452.68,452.7,9.70422,4393.0621744,452.69606154
14:07:00,452.9,452.9,452.9,452.9,0.02618085,11.857306965,452.9
14:08:00,452.99,452.99,452.99,452.99,2.37584,1076.2317616,452.99
14:09:00,452.66,452.66,452.66,452.66,0.06416719,29.045920225,452.66
14:10:00,453.0,453.0,453.0,453.0,0.707,320.271,453.0
14:11:00,,,,,,,
14:12:00,,,,,,,
14:13:00,453.0,453.0,453.0,453.0,0.38281624,173.41575672,453.0
14:14:00,452.51,452.99,452.51,452.99,1.14404071,517.71100122,452.52847796
14:15:00,,,,,,,
14:16:00,,,,,,,
14:17:00,452.45,452.97,452.43,452.97,2.0670199,935.58085227,452.62305035
14:18:00,,,,,,,
14:19:00,,,,,,,
14:20:00,,,,,,,
14:21:00,452.97,452.97,452.5,452.5,9.8718923,4467.0999961,452.50696223
14:22:00,452.44,453.0,452.44,453.0,6.64859973,3010.9190291,452.86513723
14:23:00,,,,,,,
14:24:00,453.0,453.0,453.0,453.0,0.04174393,18.91000029,453.0
14:25:00,453.0,453.0,453.0,453.0,2.21044014,1001.3293834,453.0
14:26:00,452.54,452.99,452.54,452.54,0.06,27.1614,452.69
14:27:00,452.99,453.0,452.47,452.47,0.3772,170.83263387,452.89669637
14:28:00,452.99,453.0,452.47,452.51,0.16993416,76.948998213,452.81653914
14:29:00,452.53,453.0,452.53,452.55,0.06,27.1616,452.69333333
14:30:00,453.0,453.0,453.0,453.0,0.21735695,98.46269835,453.0
14:31:00,453.0,453.0,453.0,453.0,1.96518433,890.22850149,453.0
14:32:00,453.0,453.0,453.0,453.0,1.77801,805.43853,453.0
14:33:00,,,,,,,
14:34:00,452.58,452.58,452.58,452.58,0.43464728,196.71266598,452.58
14:35:00,,,,,,,
14:36:00,452.58,453.0,452.58,453.0,1.76537,799.48581,452.87152835
14:37:00,452.63,453.0,452.63,453.0,2.30874077,1045.8167965,452.98147377
14:38:00,453.14,453.14,453.14,453.14,0.344,155.88016,453.14
14:39:00,453.0,453.0,453.0,453.0,0.1638,74.2014,453.0
14:40:00,453.0,453.14,453.0,453.14,0.856,387.83604,453.07948598
14:41:00,453.14,453.14,453.14,453.14,0.05319512,24.104836677,453.14
14:42:00,453.0,453.0,452.63,452.63,5.17977419,2346.0116807,452.91775174
14:43:00,,,,,,,
14:44:00,453.14,453.14,453.14,453.14,2.81586937,1275.9830463,453.14
14:45:00,452.63,452.63,452.63,452.63,0.026,11.76838,452.63
14:46:00,453.14,453.14,453.14,453.14,0.3189,144.506346,453.14
14:47:00,453.14,453.2,453.14,453.2,1.1915288,539.94193083,453.1505498
14:48:00,452.69,452.69,452.69,452.69,0.02856,12.9288264,452.69
14:49:00,453.2,453.2,453.2,453.2,0.02986,13.532552,453.2
14:50:00,453.14,453.14,453.14,453.14,0.1509688,68.410002032,453.14
14:51:00,453.2,453.2,452.82,452.82,0.9880341,447.7692095,453.19206038
14:52:00,453.2,453.25,453.2,453.25,18.87908406,8556.750896,453.2397265
14:53:00,,,,,,,
14:54:00,,,,,,,
14:55:00,453.45,453.68,453.45,453.68,25.57995947,11602.018422,453.55890557
14:56:00,453.69,453.69,453.69,453.69,8.1728493,3707.9399989,453.69
14:57:00,453.68,453.7,453.68,453.7,3.46187861,1570.6073993,453.68644491
14:58:00,453.7,453.7,453.7,453.7,2.66610084,1209.6099511,453.7
14:59:00,453.2,453.2,453.07,453.07,4.0,1812.3665201,453.09163002
15:00:00,453.7,453.7,453.7,453.7,0.04,18.148,453.7
15:01:00,,,,,,,
15:02:00,453.7,453.7,453.7,453.7,0.28751816,130.44698919,453.7
15:03:00,,,,,,,
15:04:00,,,,,,,
15:05:00,453.7,453.7,453.7,453.7,0.04835012,21.936449444,453.7
15:06:00,453.69,453.7,453.69,453.7,0.6164,279.65568,453.69188838
15:07:00,453.7,453.7,453.14,453.7,3.10287931,1406.211029,453.19552858
15:08:00,453.1,453.1,453.05,453.05,1.9322399,875.40616641,453.05252542
15:09:00,453.68,453.7,453.68,453.7,2.43272791,1103.6990223,453.68782005
15:10:00,453.7,453.7,453.7,453.7,1.43234471,649.85479493,453.7
15:11:00,,,,,,,
15:12:00,,,,,,,
15:13:00,453.7,453.9,453.7,453.9,4.2225875,1915.792066,453.70097506
15:14:00,,,,,,,
15:15:00,,,,,,,
15:16:00,,,,,,,
15:17:00,453.9,453.92,453.9,453.92,4.69812496,2132.5607633,453.91742056
15:18:00,,,,,,,
15:19:00,453.92,453.92,453.92,453.92,0.59127933,268.39351347,453.92
15:20:00,453.92,453.92,453.92,453.92,7.0,3177.44,453.92
15:21:00,453.92,453.93,453.92,453.93,0.5903,267.94921377,453.9204028
15:22:00,453.9,453.9,453.9,453.9,0.0277,12.57303,453.9
15:23:00,453.93,453.93,451.76,453.34,73.87279646,33439.218223,452.65943385
15:24:00,,,,,,,
15:25:00,453.14,453.14,451.39,452.49,129.008,58294.706573,451.8689273
15:26:00,452.49,452.89,452.49,452.89,0.87775636,397.40331824,452.74900456
15:27:00,452.85,452.85,452.78,452.78,1.16287972,526.6001832,452.84148837
15:28:00,452.81,452.81,452.81,452.81,0.1212,54.880572,452.81
15:29:00,,,,,,,
15:30:00,452.95,452.95,452.95,452.95,0.188,85.1546,452.95
15:31:00,453.0,453.0,453.0,453.0,1.01,457.53,453.0
15:32:00,452.94,452.94,452.94,452.94,0.43694901,197.91168459,452.94
15:33:00,452.09,452.09,452.09,452.09,0.0601552,27.195564368,452.09
15:34:00,452.09,453.12,452.09,453.05,0.55949066,253.39789585,452.90817876
15:35:00,452.95,452.96,452.95,452.96,0.672,304.38342,452.95151786
15:36:00,452.82,452.82,452.82,452.82,0.032,14.49024,452.82
15:37:00,453.1,453.1,452.89,452.89,1.10530041,500.63885877,452.94370132
15:38:00,452.66,452.66,452.66,452.66,0.1222,55.315052,452.66
15:39:00,452.63,452.91,452.63,452.88,0.86867759,393.33885566,452.80189127
15:40:00,452.65,452.65,452.05,452.05,0.99043581,447.74616914,452.06985109
15:41:00,452.27,452.88,452.13,452.88,2.51369904,1136.76067,452.22624185
15:42:00,,,,,,,
15:43:00,,,,,,,
15:44:00,452.81,453.24,452.81,453.22,2.67849213,1213.882033,453.19604243
15:45:00,,,,,,,
15:46:00,453.47,453.47,453.08,453.37,0.85915,389.530434,453.39048362
15:47:00,,,,,,,
15:48:00,453.07,453.07,453.07,453.07,0.38699,175.3335593,453.07
15:49:00,453.03,453.03,452.91,452.91,1.36135025,616.6754162,452.98806549
15:50:00,,,,,,,
15:51:00,,,,,,,
15:52:00,452.99,452.99,452.15,452.15,0.34067902,154.05481889,452.19931328
15:53:00,452.74,452.74,452.74,452.74,2.7252,1233.807048,452.74
15:54:00,,,,,,,
15:55:00,452.74,452.74,452.71,452.71,0.48673446,220.35093904,452.71283861
15:56:00,,,,,,,
15:57:00,452.61,452.61,452.61,452.61,0.02,9.0522,452.61
15:58:00,451.78,452.94,451.78,452.94,0.08,36.1656,452.07
15:59:00,452.51,452.51,452.51,452.51,0.03141,14.2133391,452.51
16:00:00,452.51,452.51,451.86,452.46,7.81244277,3533.2659881,452.26135949
16:01:00,451.83,451.83,451.25,451.25,1.49178671,673.96774449,451.78559372
16:02:00,451.68,451.68,451.0,451.0,0.1063145,47.988005132,451.37780013
16:03:00,451.49,451.76,451.47,451.73,2.27839663,1028.9855479,451.62704964
16:04:00,451.02,451.72,451.02,451.72,2.29906985,1038.4868326,451.69868703
16:05:00,451.02,451.02,451.0,451.0,5.20838757,2349.0304927,451.00915803
16:06:00,451.69,452.27,451.69,452.25,5.06793722,2290.5221252,451.96339767
16:07:00,451.52,451.52,451.52,451.52,0.05523565,24.940000688,451.52
16:08:00,,,,,,,
16:09:00,,,,,,,
16:10:00,451.41,451.41,451.41,451.41,0.05449462,24.599416414,451.41
16:11:00,451.12,451.12,451.12,451.12,0.03389346,15.290017675,451.12
16:12:00,451.04,451.12,451.04,451.12,0.67239067,303.325639,451.11518129
16:13:00,,,,,,,
16:14:00,,,,,,,
16:15:00,451.12,451.12,451.12,451.12,0.2841718,128.19558242,451.12
16:16:00,,,,,,,
16:17:00,451.12,451.12,451.0,451.12,4.30356324,1940.9894872,451.01916224
16:18:00,451.04,451.04,451.0,451.0,1.13302957,511.01353607,451.01518054
16:19:00,,,,,,,
16:20:00,450.98,450.98,450.64,450.64,0.17402219,78.474399702,450.94478872
16:21:00,450.98,450.98,450.98,450.98,0.044,19.84312,450.98
16:22:00,450.57,450.91,450.15,450.91,20.03001,9019.4517561,450.29691728
16:23:00,450.89,450.89,450.22,450.23,13.07497043,5886.997667,450.2494058
16:24:00,451.33,451.33,451.33,451.33,0.10837786,48.914179554,451.33
16:25:00,450.69,450.69,450.49,450.49,5.04579414,2273.9133221,450.65519104
16:26:00,450.9,450.9,450.9,450.9,0.0181,8.16129,450.9
16:27:00,450.9,451.13,450.36,450.43,2.24906028,1013.1481271,450.47619938
16:28:00,451.1,451.1,451.09,451.09,0.09999505,45.107363025,451.0959595
16:29:00,450.45,450.45,450.21,450.45,0.7807877,351.59388346,450.30663709
16:30:00,451.29,451.29,451.0,451.26,4.2641,1923.867289,451.17780751
16:31:00,451.07,451.07,450.32,450.34,14.4973707,6531.7506073,450.54725733
16:32:00,450.93,450.93,450.93,450.93,0.03577356,16.131371411,450.93
16:33:00,451.35,451.35,451.23,451.23,5.647,2548.49989,451.30155658
16:34:00,450.39,451.04,450.39,451.04,0.779,350.87331,450.41503209
16:35:00,451.01,451.01,451.01,451.01,0.105,47.35605,451.01
16:36:00,450.92,450.92,450.92,450.92,0.17954,80.9581768,450.92
16:37:00,450.26,450.26,450.26,450.26,0.03829239,17.241531521,450.26
16:38:00,450.86,450.86,450.86,450.86,0.81577617,367.80084401,450.86
16:39:00,450.93,450.93,450.93,450.93,0.03001,13.5324093,450.93
16:40:00,451.31,451.31,451.22,451.22,0.17019,76.8057498,451.29414067
16:41:00,,,,,,,
16:42:00,451.01,451.1,451.01,451.1,2.2037,994.01071257,451.06444279
16:43:00,,,,,,,
16:44:00,451.95,451.95,451.95,451.95,0.2388,107.92566,451.95
16:45:00,,,,,,,
16:46:00,451.57,451.57,451.57,451.57,0.01211406,5.4703460742,451.57
16:47:00,451.38,451.38,451.38,451.38,0.03,13.5414,451.38
16:48:00,451.27,451.27,451.19,451.19,0.44982161,202.96699794,451.21664552
16:49:00,,,,,,,
16:50:00,,,,,,,
16:51:00,,,,,,,
16:52:00,450.86,451.05,450.39,450.99,2.51311601,1132.202837,450.51753777
16:53:00,450.9,450.9,450.87,450.87,2.38892,1077.104028,450.87488405
16:54:00,451.15,451.15,450.88,451.08,1.01485,457.79498,451.09620141
16:55:00,450.98,450.98,450.92,450.92,6.384,2878.87328,450.95132832
16:56:00,450.92,450.92,450.92,450.92,0.02395103,10.799998448,450.92
16:57:00,450.92,450.92,450.92,450.92,1.9754,890.747368,450.92
16:58:00,,,,,,,
16:59:00,,,,,,,
17:00:00,450.65,451.16,450.65,451.16,0.1614,72.787134,450.97356877
17:01:00,450.23,451.57,450.23,451.57,68.43727127,30886.099442,451.30524448
17:02:00,451.59,451.59,451.59,451.59,1.39,627.7101,451.59
17:03:00,451.72,452.17,451.72,452.17,23.854,10782.33466,452.01369414
17:04:00,452.24,452.24,452.17,452.17,4.50362,2036.4060358,452.17092823
17:05:00,452.24,452.24,452.23,452.23,3.51071632,1587.6843377,452.23942721
17:06:00,452.02,452.02,451.72,451.72,0.14703803,66.433518912,451.81181298
17:07:00,,,,,,,
17:08:00,,,,,,,
17:09:00,451.72,451.72,451.5,451.5,1.46943464,663.51221702,451.54251776
17:10:00,451.87,452.09,451.86,451.86,8.45582145,3822.0131466,451.99785369
17:11:00,451.9,451.9,451.9,451.9,0.02852829,12.891934251,451.9
17:12:00,451.72,451.72,451.72,451.72,0.03,13.5516,451.72
17:13:00,,,,,,,
17:14:00,,,,,,,
17:15:00,,,,,,,
17:16:00,451.5,451.5,450.79,450.79,0.07300541,32.943034371,451.24100215
17:17:00,451.05,451.05,451.05,451.05,0.05489733,24.761440696,451.05
17:18:00,451.05,451.05,450.95,450.95,2.84874559,1284.7043792,450.97195893
17:19:00,450.37,450.37,450.37,450.37,0.1666784,75.066951008,450.37
17:20:00,,,,,,,
17:21:00,,,,,,,
17:22:00,,,,,,,
17:23:00,450.5,450.5,450.5,450.5,1.12785113,508.09693407,450.5
17:24:00,450.14,450.15,450.14,450.15,0.5697654,256.47487999,450.14119845
17:25:00,450.89,450.91,450.89,450.91,2.52617397,1139.0454176,450.89745643
17:26:00,451.5,452.1,450.83,450.83,11.35241,5121.1159607,451.10385907
17:27:00,452.05,452.05,452.05,452.05,0.29854014,134.95507029,452.05
17:28:00,451.99,451.99,451.99,451.99,0.83547,377.6240853,451.99
17:29:00,451.98,451.98,451.98,451.98,0.08962,40.5064476,451.98
17:30:00,451.72,451.72,450.89,450.89,0.80527936,363.73197542,451.6842148
17:31:00,450.92,451.66,450.92,451.66,3.12247122,1408.075795,450.9491668
17:32:00,451.65,451.65,451.65,451.65,0.10570071,47.739725671,451.65
17:33:00,451.6,451.6,451.58,451.58,1.69709204,766.37690706,451.58240626
17:34:00,,,,,,,
17:35:00,450.8,451.53,450.8,451.53,0.84978954,383.26762463,451.01475906
17:36:00,450.8,450.8,450.8,450.8,0.04332773,19.532140684,450.8
17:37:00,,,,,,,
17:38:00,450.8,451.52,450.8,451.52,0.66902217,301.60318325,450.81194133
17:39:00,450.83,450.83,450.83,450.83,0.10444718,47.087922159,450.83
17:40:00,451.52,451.52,451.52,451.52,0.09011,40.6864672,451.52
17:41:00,,,,,,,
17:42:00,451.52,451.52,451.52,451.52,0.56,252.8512,451.52
17:43:00,,,,,,,
17:44:00,451.51,451.51,451.51,451.51,2.11073952,953.02000068,451.51
17:45:00,450.74,450.74,450.74,450.74,0.05111358,23.038935049,450.74
17:46:00,,,,,,,
17:47:00,451.06,451.06,451.06,451.06,0.02444345,11.025462557,451.06
17:48:00,451.16,451.51,451.16,451.51,0.26846477,121.12947143,451.19317305
17:49:00,,,,,,,
17:50:00,,,,,,,
17:51:00,451.35,451.35,451.35,451.35,0.1042036,47.03229486,451.35
17:52:00,,,,,,,
17:53:00,451.09,451.09,451.09,451.09,0.13341376,60.181612998,451.09
17:54:00,451.09,451.09,451.09,451.09,7.65863304,3454.732778,451.09
17:55:00,450.66,450.66,450.66,450.66,0.0444259,20.020976094,450.66
17:56:00,,,,,,,
17:57:00,450.55,450.56,450.55,450.56,1.21929764,549.3645517,450.55820144
17:58:00,,,,,,,
17:59:00,450.96,451.05,450.96,451.05,0.91900033,414.45506931,450.98467953
18:00:00,451.06,451.06,451.06,451.06,0.05555577,25.058985616,451.06
18:01:00,451.16,451.16,451.16,451.16,0.65876797,297.20975735,451.16
18:02:00,451.16,451.16,451.16,451.16,0.08532537,38.495393929,451.16
18:03:00,451.99,451.99,451.16,451.99,1.80850326,816.06128078,451.2357256
18:04:00,451.17,451.17,451.17,451.17,0.1133535,51.141698595,451.17
18:05:00,451.96,451.96,451.96,451.96,1.22945277,555.66347393,451.96
18:06:00,451.98,451.98,451.98,451.98,0.0855,38.64429,451.98
18:07:00,451.98,451.98,451.96,451.96,0.34689934,156.78714528,451.96726314
18:08:00,451.15,451.15,451.12,451.12,2.79555841,1261.2092319,451.14751579
18:09:00,,,,,,,
18:10:00,,,,,,,
18:11:00,451.98,451.98,451.98,451.98,0.09363044,42.319086271,451.98
18:12:00,451.29,451.29,451.29,451.29,0.417,188.18793,451.29
18:13:00,,,,,,,
18:14:00,451.08,451.08,451.08,451.08,0.02330746,10.513529057,451.08
18:15:00,451.94,452.06,451.94,452.06,4.1958,1896.630239,452.030659
18:16:00,452.23,452.23,450.98,452.23,1.655304,746.70833414,451.10042273
18:17:00,452.19,452.19,451.07,451.11,3.01922942,1361.9848087,451.10345035
18:18:00,451.99,452.08,451.99,452.01,4.14139,1871.9832657,452.0181064
18:19:00,451.24,452.24,451.24,452.24,3.64147248,1646.4082219,452.12705325
18:20:00,452.24,452.24,451.34,451.34,0.17366158,78.514670517,452.11307255
18:21:00,,,,,,,
18:22:00,451.24,452.09,451.24,452.09,0.61871555,279.26221978,451.35801061
18:23:00,,,,,,,
18:24:00,452.09,452.1,451.41,451.41,6.0071,2712.355091,451.5248774
18:25:00,452.1,452.1,452.1,452.1,0.1104,49.91184,452.1
18:26:00,452.11,452.11,452.11,452.11,0.85947678,388.57804701,452.11
18:27:00,452.11,452.11,451.19,451.19,0.23286804,105.26093582,452.01967525
18:28:00,452.09,452.09,452.09,452.09,0.2252,101.810668,452.09
18:29:00,451.19,451.33,451.19,451.33,0.31456511,141.97041218,451.32281893
18:30:00,451.41,451.78,451.41,451.78,1.2709,573.83704184,451.52021547
18:31:00,451.76,451.76,450.98,450.98,2.19795531,992.6113657,451.60670974
18:32:00,451.77,451.77,451.77,451.77,0.01987737,8.9799994449,451.77
18:33:00,451.77,451.77,451.77,451.77,2.2113,998.999001,451.77
18:34:00,450.98,450.98,450.67,450.67,0.80614861,363.5396809,450.95864012
18:35:00,,,,,,,
18:36:00,450.56,450.56,450.56,450.56,0.02447141,11.02583849,450.56
18:37:00,,,,,,,
18:38:00,,,,,,,
18:39:00,450.56,450.98,450.5,450.5,0.58364728,263.10592742,450.79611682
18:40:00,,,,,,,
18:41:00,450.98,450.98,450.98,450.98,0.50815072,229.16581171,450.98
18:42:00,450.41,450.43,450.41,450.41,1.87768809,845.75065471,450.42127029
18:43:00,450.41,450.41,450.41,450.41,2.201,991.35241,450.41
18:44:00,450.41,450.41,450.41,450.41,0.064,28.82624,450.41
18:45:00,450.41,450.41,450.41,450.41,0.18314044,82.48828558,450.41
18:46:00,451.29,451.29,450.32,450.32,1.33064671,600.00255376,450.91048529
18:47:00,451.15,451.15,451.14,451.14,0.46431548,209.4735008,451.1447708
18:48:00,451.07,451.07,451.07,451.07,0.58866682,265.5299425,451.07
18:49:00,450.97,450.97,450.97,450.97,0.0121174,5.464583878,450.97
18:50:00,450.25,452.6,450.25,452.6,72.49084872,32745.111858,451.71373264
18:51:00,452.05,452.05,452.05,452.05,0.7695,347.852475,452.05
18:52:00,451.19,452.31,451.19,452.31,6.23075436,2817.6977352,452.22417262
18:53:00,451.41,451.41,451.41,451.41,0.23830177,107.571802,451.41
18:54:00,,,,,,,
18:55:00,452.4,452.4,452.4,452.4,0.9958,450.49992,452.4
18:56:00,452.27,452.27,452.27,452.27,0.02,9.0454,452.27
18:57:00,452.23,452.23,452.23,452.23,1.0,452.23,452.23
18:58:00,452.07,452.07,452.07,452.07,0.0306,13.833342,452.07
18:59:00,451.5,451.5,451.5,451.5,0.01645778,7.43068767,451.5
19:00:00,,,,,,,
19:01:00,451.05,451.05,450.87,450.94,0.52594547,237.18113189,450.96145022
19:02:00,451.05,451.05,451.05,451.05,0.18942097,85.438328519,451.05
19:03:00,451.05,451.05,451.05,451.05,0.022,9.9231,451.05
19:04:00,451.05,451.07,451.05,451.07,0.26712664,120.4892482,451.05665315
19:05:00,451.95,451.95,451.14,451.14,12.01230408,5419.240829,451.14082967
19:06:00,452.04,452.04,451.2,451.2,5.01106317,2261.0009954,451.20185451
19:07:00,,,,,,,
19:08:00,,,,,,,
19:09:00,,,,,,,
19:10:00,,,,,,,
19:11:00,,,,,,,
19:12:00,452.51,452.62,452.51,452.62,0.08484,38.3935708,452.54090995
19:13:00,452.55,452.55,451.61,451.61,0.90739979,410.53945736,452.43503677
19:14:00,,,,,,,
19:15:00,452.46,452.59,452.46,452.55,2.52406056,1142.2092279,452.52845592
19:16:00,452.54,452.54,452.49,452.49,1.63219343,738.59145006,452.51465695
19:17:00,452.49,452.49,452.44,452.44,0.43273326,195.80566732,452.48582768
19:18:00,452.42,452.42,451.6,451.6,2.19629015,993.48463174,452.34671373
19:19:00,451.5,451.5,451.5,451.5,0.04493124,20.28645486,451.5
19:20:00,451.6,451.6,451.6,451.6,0.14811511,66.888783676,451.6
19:21:00,451.58,451.58,451.58,451.58,0.03106714,14.029299081,451.58
19:22:00,451.58,452.38,451.58,452.38,0.66984378,302.73737392,451.95220582
19:23:00,452.38,452.38,452.38,452.38,0.015,6.7857,452.38
19:24:00,451.38,452.38,451.38,452.38,0.18528778,83.730223556,451.89285314
19:25:00,,,,,,,
19:26:00,,,,,,,
19:27:00,452.26,452.26,452.26,452.26,0.33725882,152.52867393,452.26
19:28:00,452.25,452.25,452.25,452.25,0.02843497,12.859715183,452.25
19:29:00,452.25,452.25,452.25,452.25,1.1466286,518.56278435,452.25
19:30:00,452.26,452.4,451.49,452.4,1.49632,676.14818827,451.87405653
19:31:00,,,,,,,
19:32:00,451.6,452.4,451.6,452.4,2.63402619,1190.7262173,452.05557249
19:33:00,451.58,452.68,451.58,452.68,1.61109878,729.29998707,452.67242215
19:34:00,452.66,452.66,451.7,451.7,1.80885073,817.70692685,452.05882016
19:35:00,451.74,452.68,451.37,452.68,0.95591514,431.58774008,451.49168793
19:36:00,452.65,452.65,452.63,452.63,1.79749072,813.62461441,452.64468147
19:37:00,452.63,452.67,452.63,452.67,0.6215389,281.34609386,452.66047525
19:38:00,451.75,452.64,451.54,452.64,1.14475478,517.01602097,451.63910211
19:39:00,452.62,452.62,452.62,452.62,1.08506407,491.12169936,452.62
19:40:00,452.62,452.64,452.62,452.64,2.41103289,1091.3229088,452.63708902
19:41:00,452.0,452.0,452.0,452.0,0.05017661,22.67982772,452.0
19:42:00,,,,,,,
19:43:00,452.6,452.77,452.6,452.77,3.38396,1531.588966,452.60256209
19:44:00,452.73,452.74,451.86,451.86,15.0047,6793.157815,452.7353306
19:45:00,452.81,452.81,452.81,452.81,0.2451,110.983731,452.81
19:46:00,,,,,,,
19:47:00,,,,,,,
19:48:00,,,,,,,
19:49:00,451.82,452.2,451.76,452.2,0.1427105,64.493068939,451.91537371
19:50:00,,,,,,,
19:51:00,451.81,451.81,451.81,451.81,0.0924459,41.767982079,451.81
19:52:00,451.51,451.51,451.51,451.51,0.078191,35.30401841,451.51
19:53:00,451.81,451.81,451.81,451.81,1.73115227,782.15190711,451.81
19:54:00,451.81,452.59,451.81,452.59,0.36900942,166.77240145,451.94619002
19:55:00,452.57,452.57,452.55,452.55,5.0,2262.7786502,452.55573003
19:56:00,452.57,452.57,452.57,452.57,2.2106479,1000.4729201,452.57
19:57:00,452.57,452.72,452.57,452.72,7.49020166,3390.8450542,452.70410706
19:58:00,452.81,452.81,452.72,452.81,1.076,487.21816,452.80498141
19:59:00,,,,,,,
20:00:00,452.81,452.86,452.81,452.86,10.20224043,4619.9698963,452.8387591
20:01:00,452.86,452.86,452.86,452.86,0.36207,163.9670202,452.86
20:02:00,452.86,452.86,452.52,452.52,0.29093005,131.69076623,452.65439657
20:03:00,452.58,452.58,452.5,452.5,5.12490139,2319.069357,452.51004469
20:04:00,452.42,452.8,452.42,452.8,6.6893,3026.385228,452.42181215
20:05:00,452.77,452.77,452.77,452.77,0.5449,246.714373,452.77
20:06:00,452.75,452.77,452.18,452.18,4.4777,2026.6793075,452.61614389
20:07:00,,,,,,,
20:08:00,452.79,452.79,452.79,452.79,0.05803188,26.276254945,452.79
20:09:00,452.79,452.98,452.79,452.98,8.0604986,3651.0573186,452.9567586
20:10:00,452.96,452.96,452.96,452.96,6.6161,2996.828656,452.96
20:11:00,452.97,452.97,452.94,452.94,2.7576,1249.030677,452.94120866
20:12:00,452.92,452.92,452.16,452.77,7.3344,3319.6562841,452.61456754
20:13:00,452.77,452.77,452.16,452.16,2.58358306,1168.2298686,452.17430268
20:14:00,452.74,452.74,452.72,452.72,3.31805003,1502.1950279,452.73429103
20:15:00,,,,,,,
20:16:00,452.16,452.59,452.16,452.59,0.91241796,412.93816479,452.57566477
20:17:00,452.58,452.58,452.58,452.58,0.07830248,35.438136398,452.58
20:18:00,452.58,452.58,452.58,452.58,0.2641534,119.55054577,452.58
20:19:00,452.13,452.58,452.01,452.58,1.73778995,785.84733511,452.21077214
20:20:00,,,,,,,
20:21:00,,,,,,,
20:22:00,452.01,452.58,452.01,452.58,0.63531915,287.18322864,452.02986348
20:23:00,452.01,452.58,452.01,452.01,0.45036399,203.71665712,452.33780152
20:24:00,,,,,,,
20:25:00,452.01,452.58,452.01,452.2,0.46131005,208.57070243,452.12694245
20:26:00,,,,,,,
20:27:00,452.2,452.56,451.52,452.56,16.59391327,7497.2913754,451.80972405
20:28:00,452.56,452.56,452.56,452.56,0.49225947,222.77694574,452.56
20:29:00,452.56,452.56,452.56,452.56,0.1848379,83.650240024,452.56
20:30:00,,,,,,,
20:31:00,,,,,,,
20:32:00,,,,,,,
20:33:00,,,,,,,
20:34:00,,,,,,,
20:35:00,452.56,452.56,452.56,452.56,1.03,466.1368,452.56
20:36:00,,,,,,,
20:37:00,452.56,452.56,452.56,452.56,1.47,665.2632,452.56
20:38:00,452.56,452.81,452.08,452.08,0.87074863,394.08340757,452.57999151
20:39:00,452.79,452.79,452.79,452.79,0.434,196.51086,452.79
20:40:00,,,,,,,
20:41:00,452.5,452.5,452.5,452.5,4.4273,2003.35325,452.5
20:42:00,452.5,452.5,452.5,452.5,0.39003167,176.48933067,452.5
20:43:00,452.5,452.5,452.5,452.5,0.18,81.45,452.5
20:44:00,452.5,452.81,451.77,452.81,4.21729923,1908.441061,452.52683221
20:45:00,452.76,452.76,452.76,452.76,0.228,103.22928,452.76
20:46:00,,,,,,,
20:47:00,452.76,452.76,452.76,452.76,0.523,236.79348,452.76
20:48:00,452.76,452.76,452.76,452.76,9.5656,4330.921056,452.76
20:49:00,,,,,,,
20:50:00,452.76,452.76,452.76,452.76,6.22,2816.1672,452.76
20:51:00,,,,,,,
20:52:00,452.88,452.88,452.77,452.77,0.10703127,48.462924009,452.7921981
20:53:00,452.88,452.98,452.88,452.98,4.3714,1979.9188419,452.92557119
20:54:00,452.88,452.99,452.88,452.99,1.65976936,751.83831785,452.9775859
20:55:00,452.99,453.0,452.99,453.0,2.95912393,1340.4796334,452.9988149
20:56:00,453.0,453.0,453.0,453.0,5.13655376,2326.8588533,453.0
20:57:00,452.99,452.99,452.98,452.98,0.4357,197.365743,452.98540969
20:58:00,452.97,452.97,452.97,452.97,0.08114167,36.75474226,452.97
20:59:00,,,,,,,
21:00:00,452.97,453.0,452.97,453.0,4.4233238,2003.7274723,452.9913619
21:01:00,453.0,453.0,453.0,453.0,37.0,16761.0,453.0
21:02:00,,,,,,,
21:03:00,453.0,453.0,453.0,453.0,0.32492339,147.19029567,453.0
21:04:00,453.0,453.0,453.0,453.0,0.92594565,419.45337945,453.0
21:05:00,,,,,,,
21:06:00,,,,,,,
21:07:00,452.99,453.0,452.99,453.0,0.341,154.4708,452.99354839
21:08:00,,,,,,,
21:09:00,,,,,,,
21:10:00,452.99,452.99,452.99,452.99,1.50455358,681.5477262,452.99
21:11:00,452.8,453.0,452.8,453.0,52.357377,23717.615351,452.99472033
21:12:00,453.0,453.14,453.0,453.14,0.57434171,260.19397777,453.02991798
21:13:00,453.14,453.14,453.14,453.14,2.7239,1234.308046,453.14
21:14:00,453.14,453.48,453.14,453.48,1.82291226,826.18584564,453.22304521
21:15:00,453.48,453.48,453.48,453.48,2.01363854,913.14480512,453.48
21:16:00,453.02,453.02,453.02,453.02,0.3,135.906,453.02
21:17:00,453.03,453.35,453.02,453.35,4.23192465,1917.1703458,453.02563357
21:18:00,453.35,453.38,453.35,453.38,0.9722,440.756956,453.36037441
21:19:00,,,,,,,
21:20:00,,,,,,,
21:21:00,453.32,453.32,453.32,453.32,0.5465,247.73938,453.32
21:22:00,453.32,453.32,453.0,453.0,9.34779986,4234.6784347,453.01338263
21:23:00,453.18,453.18,453.18,453.18,2.0,906.36,453.18
21:24:00,453.18,453.36,453.18,453.36,1.665,754.57733397,453.19959998
21:25:00,453.36,453.36,453.36,453.36,2.48338721,1125.8684255,453.36
21:26:00,453.36,453.36,453.36,453.36,0.135,61.2036,453.36
21:27:00,453.36,453.36,453.36,453.36,1.42,643.7712,453.36
21:28:00,453.36,453.36,453.0,453.36,1.45195261,657.89134329,453.10800005
21:29:00,453.36,453.36,453.36,453.36,0.0734,33.276624,453.36
21:30:00,,,,,,,
21:31:00,453.36,453.36,453.3,453.3,0.53268634,241.48287655,453.33033423
21:32:00,453.3,453.3,453.3,453.3,0.2864,129.82512,453.3
21:33:00,453.3,453.3,453.3,453.3,1.1365,515.17545,453.3
21:34:00,453.3,453.3,453.3,453.3,0.05728285,25.966315905,453.3
21:35:00,453.3,453.33,453.3,453.33,6.918,3136.0066573,453.31116757
21:36:00,453.38,453.5,453.38,453.5,3.014,1366.62332,453.42512276
21:37:00,453.5,453.69,453.01,453.69,6.5034,2949.568676,453.54255866
21:38:00,453.69,453.71,453.69,453.71,1.50669633,683.57629796,453.6921504
21:39:00,453.74,453.82,453.69,453.69,7.212,3272.050256,453.69526567
21:40:00,453.75,453.75,453.04,453.69,4.06493762,1844.0918438,453.65809175
21:41:00,453.69,453.69,453.69,453.69,0.151,68.50719,453.69
21:42:00,453.69,453.83,453.69,453.83,2.4221,1099.129243,453.79185129
21:43:00,,,,,,,
21:44:00,453.69,453.83,453.69,453.83,3.7595,1705.988945,453.78080729
21:45:00,453.77,453.77,453.04,453.04,1.5059,683.196816,453.68006906
21:46:00,453.68,453.84,453.06,453.84,6.34346761,2878.2715614,453.73788255
21:47:00,453.84,453.92,453.84,453.92,5.5049,2498.6626887,453.89792525
21:48:00,453.92,453.92,453.92,453.92,0.58208769,264.22124424,453.92
21:49:00,453.92,453.96,453.92,453.96,16.2535,7377.8939581,453.9264748
21:50:00,453.87,453.95,453.87,453.95,6.6023,2996.772405,453.89824834
21:51:00,453.15,453.15,453.01,453.08,4.85996432,2202.2292016,453.13690731
21:52:00,453.07,453.1,453.07,453.1,12.8145,5806.147554,453.09200936
21:53:00,,,,,,,
21:54:00,453.1,453.1,453.1,453.1,9.82590974,4452.1197032,453.1
21:55:00,453.1,453.86,453.1,453.86,1.06538824,482.96237489,453.32054246
21:56:00,453.86,453.92,453.86,453.92,20.9106,9491.3405897,453.90092057
21:57:00,453.86,453.96,453.86,453.96,12.47257406,5661.9676343,453.95341868
21:58:00,,,,,,,
21:59:00,453.96,453.96,453.96,453.96,0.05,22.698,453.96
22:00:00,453.96,453.96,453.96,453.96,12.3470468,5605.0653653,453.96
22:01:00,,,,,,,
22:02:00,,,,,,,
22:03:00,,,,,,,
22:04:00,,,,,,,
22:05:00,453.96,453.96,453.96,453.96,0.62086087,281.84600055,453.96
22:06:00,453.96,453.96,453.96,453.96,0.04,18.1584,453.96
22:07:00,453.96,453.96,453.96,453.96,0.34759766,157.79543373,453.96
22:08:00,453.96,453.96,453.96,453.96,0.56,254.2176,453.96
22:09:00,,,,,,,
22:10:00,,,,,,,
22:11:00,,,,,,,
22:12:00,453.96,453.96,453.96,453.96,1.7015,772.41294,453.96
22:13:00,453.96,453.99,453.96,453.99,15.216,6907.8842445,453.98818641
22:14:00,453.99,454.31,453.99,454.31,61.64821189,27998.263782,454.16181465
22:15:00,454.31,454.31,453.7,454.31,41.90719106,19018.604151,453.82674596
22:16:00,454.31,454.31,454.31,454.31,0.25031366,113.71999887,454.31
22:17:00,454.31,454.31,454.31,454.31,0.08533454,38.768334867,454.31
22:18:00,454.31,454.31,454.31,454.31,0.51,231.6981,454.31
22:19:00,454.0,454.55,453.96,454.55,86.71863856,39397.11414,454.30964778
22:20:00,454.03,454.55,454.03,454.55,5.2809,2398.1390184,454.11558984
22:21:00,454.55,454.55,454.55,454.55,17.65644622,8025.7376293,454.55
22:22:00,454.55,454.55,454.3,454.3,1.05808769,480.80823757,454.41246705
22:23:00,,,,,,,
22:24:00,,,,,,,
22:25:00,454.55,454.75,454.45,454.45,10.748499,4887.5183211,454.71635817
22:26:00,454.09,454.45,454.09,454.45,11.60683811,5270.9511791,454.12464007
22:27:00,454.74,454.74,454.74,454.74,0.8793,399.852882,454.74
22:28:00,454.74,454.75,454.74,454.75,0.30356423,138.04563359,454.74934116
22:29:00,454.75,454.75,454.75,454.75,0.415,188.72125,454.75
22:30:00,,,,,,,
22:31:00,454.75,454.75,454.75,454.75,0.68719404,312.50148969,454.75
22:32:00,454.75,454.75,454.75,454.75,0.90930896,413.50824956,454.75
22:33:00,,,,,,,
22:34:00,,,,,,,
22:35:00,454.75,454.75,454.74,454.74,0.50272724,228.61077512,454.7411736
22:36:00,,,,,,,
22:37:00,,,,,,,
22:38:00,,,,,,,
22:39:00,454.66,454.66,454.45,454.45,1.50634648,684.62992784,454.49698122
22:40:00,453.98,453.98,453.98,453.98,0.60182568,273.21682221,453.98
22:41:00,454.32,454.32,454.32,454.32,0.2090817,94.989997944,454.32
22:42:00,454.41,454.41,454.03,454.03,0.36418719,165.47160988,454.35867713
22:43:00,454.06,454.66,454.05,454.66,2.72011,1235.5135281,454.21454578
22:44:00,454.64,454.73,454.64,454.73,1.20890825,549.70804678,454.71444734
22:45:00,454.73,454.75,454.73,454.75,0.294,133.69177711,454.73393576
22:46:00,,,,,,,
22:47:00,,,,,,,
22:48:00,,,,,,,
22:49:00,454.74,454.74,454.74,454.74,0.38875654,176.783149,454.74
22:50:00,,,,,,,
22:51:00,,,,,,,
22:52:00,454.63,454.63,454.63,454.63,0.43311149,196.9054767,454.63
22:53:00,,,,,,,
22:54:00,,,,,,,
22:55:00,,,,,,,
22:56:00,454.74,454.74,454.74,454.74,0.55238655,251.19225975,454.74
22:57:00,454.74,454.74,454.74,454.74,0.32,145.5168,454.74
22:58:00,,,,,,,
22:59:00,454.74,454.74,454.74,454.74,0.223,101.40702,454.74
23:00:00,454.7,454.7,454.7,454.7,0.75,341.025,454.7
23:01:00,454.74,454.74,454.74,454.74,0.18175221,82.649999975,454.74
23:02:00,454.7,454.74,454.7,454.74,0.60702715,276.0235651,454.71370614
23:03:00,,,,,,,
23:04:00,,,,,,,
23:05:00,454.74,454.75,454.74,454.75,0.2483047,112.91530128,454.74492137
23:06:00,454.75,454.75,454.75,454.75,0.5125827,233.09698282,454.75
23:07:00,454.75,455.09,454.75,455.09,104.05782588,47350.330593,455.03863061
23:08:00,455.09,455.09,455.09,455.09,18.3748953,8362.2311021,455.09
23:09:00,455.09,455.09,454.82,455.09,0.29487316,134.18764338,455.06903166
23:10:00,455.0,455.0,455.0,455.0,3.0,1365.0,455.0
23:11:00,,,,,,,
23:12:00,455.09,455.09,455.09,455.09,0.40790373,185.63290849,455.09
23:13:00,,,,,,,
23:14:00,455.09,455.09,455.09,455.09,0.04592498,20.899999148,455.09
23:15:00,,,,,,,
23:16:00,455.08,455.08,455.08,455.08,0.86062702,391.65414426,455.08
23:17:00,455.08,455.08,455.0,455.08,0.94799945,431.35089959,455.01176144
23:18:00,455.09,455.09,455.09,455.09,0.27558331,125.41520855,455.09
23:19:00,455.09,455.09,455.09,455.09,0.2059,93.703031,455.09
23:20:00,,,,,,,
23:21:00,,,,,,,
23:22:00,455.0,455.0,454.94,454.94,1.52641594,694.50029194,454.98757825
23:23:00,,,,,,,
23:24:00,455.08,455.08,455.08,455.08,0.02361885,10.748466258,455.08
23:25:00,,,,,,,
23:26:00,455.09,455.09,455.09,455.09,0.35990373,163.78858849,455.09
23:27:00,454.82,454.82,454.82,454.82,0.82985653,377.43534697,454.82
23:28:00,,,,,,,
23:29:00,454.92,454.92,454.92,454.92,0.141,64.14372,454.92
23:30:00,,,,,,,
23:31:00,,,,,,,
23:32:00,,,,,,,
23:33:00,,,,,,,
23:34:00,454.78,454.78,454.78,454.78,1.0014,455.416692,454.78
23:35:00,454.19,454.19,454.19,454.19,3.0,1362.57,454.19
23:36:00,454.77,454.77,454.77,454.77,0.01477258,6.7181262066,454.77
23:37:00,,,,,,,
23:38:00,,,,,,,
23:39:00,454.6,454.76,454.6,454.76,0.439,199.59164,454.65066059
23:40:00,,,,,,,
23:41:00,,,,,,,
23:42:00,454.23,454.23,454.23,454.23,0.01327755,6.0310615365,454.23
23:43:00,454.58,454.58,454.58,454.58,0.012979,5.89999382,454.58
23:44:00,,,,,,,
23:45:00,454.58,454.58,454.58,454.58,0.82806031,376.41965572,454.58
23:46:00,454.58,454.58,454.58,454.58,0.40969591,186.23956677,454.58
23:47:00,,,,,,,
23:48:00,,,,,,,
23:49:00,,,,,,,
23:50:00,,,,,,,
23:51:00,,,,,,,
23:52:00,454.58,455.09,454.58,455.09,3.260478,1483.7652967,455.07600317
23:53:00,455.09,455.09,455.09,455.09,0.55296755,251.65000233,455.09
23:54:00,,,,,,,
23:55:00,455.09,455.09,455.09,455.09,14.13615192,6433.2213773,455.09
23:56:00,455.1,455.25,454.26,455.25,7.35868723,3349.3612159,455.15743654
23:57:00,455.25,455.25,454.49,455.25,10.03310601,4567.5263505,455.24549884
23:58:00,454.49,455.25,454.23,454.23,8.0488,3657.3409632,454.39580598
23:59:00,455.2,455.2,455.2,455.2,0.1149039,52.30425528,455.2
